id,company_id,crop_id,season_type,season_year,status,submitted_at,area_cultivated_ha,seed_produced_kg,fertilizers_used,diesel_field_used,electricity_used,drying_used,transport_used,diesel_field_liters,electricity_kwh_attributed,drying_main_method,drying_diesel_liters,drying_electricity_kwh,transport_total_km,transport_seed_quantity_kg,transport_mode,created_at,updated_at,gross_yield_kg_ha,clean_yield_kg_ha,fallow_used,fallow_spray_passes,fallow_diesel_liters,tillage_used,tillage_passes,tillage_diesel_liters,seed_used_kg,inoculant_used,seed_treatment_used,crop_protection_used,crop_protection_spray_passes,crop_protection_diesel_liters,post_emergence_herbicide_used,fungicide_used,insecticide_used,harvest_used,harvest_diesel_liters,conditioning_used,conditioning_electricity_kwh,seeding_rate_kg_ha,post_emergence_herbicide_passes,fungicide_passes,insecticide_passes,harvest_main_method,cover_crop_used,crop_protection_bioinput_used
4d39fe23-b416-4f58-a3b7-8ce6779dd7e4,a1000000-0000-4000-8000-000000000004,1,otono,2025,submitted,2026-07-06 21:46:27.089+00,6200.0000,6820000.000,true,false,false,false,true,null,null,null,null,null,30.00,null,null,2026-07-06 21:46:26.734849+00,2026-07-06 21:46:27.089+00,1350.000,1100.000,true,2,null,false,null,null,111600.000,false,true,false,null,null,false,false,false,false,null,false,null,18.000,1,1,1,corte_hilerado,false,true
c13fb135-0692-469f-8340-eccab45b91c6,a1000000-0000-4000-8000-000000000004,2,otono,2025,submitted,2026-07-06 21:53:07.432+00,3200.0000,1728000.000,true,false,false,false,true,null,null,null,null,null,30.00,null,null,2026-07-06 21:53:07.068929+00,2026-07-06 21:53:07.432+00,675.000,540.000,false,null,null,false,null,null,44800.000,false,true,false,null,null,false,false,false,false,null,true,null,14.000,2,1,1,corte_hilerado,false,false
5af6ab86-b969-49fe-9f61-a043c0044dea,a1000000-0000-4000-8000-000000000008,1,primavera,2026,submitted,2026-06-17 13:01:13.769+00,300.0000,255000.000,true,false,false,false,true,null,null,null,null,null,50.00,null,null,2026-06-17 13:01:13.391744+00,2026-06-17 13:01:13.769+00,1100.000,850.000,true,2,null,false,null,null,6000.000,false,true,false,null,null,false,false,false,false,null,false,null,20.000,1,1,1,corte_hilerado,false,true
39193247-cc57-4505-ac92-8c48b1544f4f,a1000000-0000-4000-8000-00000000000e,6,primavera,2026,submitted,2026-06-19 12:25:28.263+00,240.0000,888000.000,true,false,false,false,true,null,null,null,null,null,140.00,null,null,2026-06-19 12:25:27.975087+00,2026-06-19 12:25:28.263+00,3800.000,3700.000,true,2,null,false,null,null,15600.000,true,true,false,null,null,false,false,false,false,null,true,null,65.000,3,2,3,directa,true,false
d7249730-68c4-493d-81db-e392d841c386,a1000000-0000-4000-8000-000000000001,1,otono,2025,submitted,2026-06-29 16:53:11.874+00,1063.0000,1488200.000,true,false,false,false,true,null,null,null,null,null,24.00,null,null,2026-06-29 16:53:11.450971+00,2026-06-29 16:53:11.874+00,1600.000,1400.000,true,1,null,false,null,null,21260.000,false,true,false,null,null,false,false,false,false,null,true,null,20.000,0,0,0,corte_hilerado,true,false
47dc6078-a7ce-4944-92db-57ed027e66aa,a1000000-0000-4000-8000-000000000001,2,otono,2025,submitted,2026-06-29 16:55:04.542+00,173.0000,112450.000,true,false,false,false,true,null,null,null,null,null,40.00,null,null,2026-06-29 16:55:04.226472+00,2026-06-29 16:55:04.542+00,800.000,650.000,true,1,null,false,null,null,2595.000,false,true,false,null,null,false,false,false,false,null,true,null,15.000,0,0,0,corte_hilerado,true,false
c3c25911-5985-428c-aa68-206adb855cfd,a1000000-0000-4000-8000-000000000001,3,otono,2025,submitted,2026-06-29 16:56:58.088+00,344.0000,39216.000,true,false,false,false,true,null,null,null,null,null,59.00,null,null,2026-06-29 16:56:57.792732+00,2026-06-29 16:56:58.088+00,150.000,114.000,true,1,null,false,null,null,2752.000,true,true,false,null,null,false,false,false,false,null,true,null,8.000,0,0,0,corte_hilerado,true,false
c8094e46-ef08-4cf3-9f73-2c050b57e17c,a1000000-0000-4000-8000-000000000001,4,otono,2025,submitted,2026-06-29 16:58:21.24+00,293.0000,65925.000,true,false,false,false,true,null,null,null,null,null,33.00,null,null,2026-06-29 16:58:20.954941+00,2026-06-29 16:58:21.24+00,300.000,225.000,false,null,null,false,null,null,2344.000,true,true,false,null,null,false,false,false,false,null,true,null,8.000,0,0,0,corte_hilerado,true,false
6310312e-ca74-456a-b976-6d085a11d8d5,a1000000-0000-4000-8000-000000000001,8,otono,2025,submitted,2026-06-29 17:00:03.039+00,106.0000,11660.000,true,false,false,false,true,null,null,null,null,null,150.00,null,null,2026-06-29 17:00:02.725385+00,2026-06-29 17:00:03.039+00,180.000,110.000,false,null,null,false,null,null,371.000,false,true,false,null,null,false,false,false,false,null,true,null,3.500,0,0,0,corte_hilerado,true,false
b40566d4-e677-4e7f-925e-ebb8331e20cd,a1000000-0000-4000-8000-000000000001,10,primavera,2025,submitted,2026-06-29 17:01:34.802+00,816.0000,530400.000,true,false,false,false,true,null,null,null,null,null,26.00,null,null,2026-06-29 17:01:34.436465+00,2026-06-29 17:01:34.802+00,800.000,650.000,false,null,null,false,null,null,20400.000,true,true,false,null,null,false,false,false,false,null,true,null,25.000,0,0,0,directa,true,false
dfcea96b-f267-40fd-89ad-072865ee72bc,a1000000-0000-4000-8000-000000000001,12,otono,2025,submitted,2026-06-29 17:03:25.562+00,532.0000,140448.000,true,false,false,false,true,null,null,null,null,null,32.00,null,null,2026-06-29 17:03:24.875794+00,2026-06-29 17:03:25.562+00,350.000,264.000,false,null,null,false,null,null,10640.000,true,true,false,null,null,false,false,false,false,null,true,null,20.000,0,0,0,corte_hilerado,true,false
bbabddd3-0f92-41cc-ae2c-0451afdf9f51,a1000000-0000-4000-8000-000000000004,3,otono,2025,submitted,2026-07-06 21:57:57.209+00,1030.0000,154500.000,true,false,false,false,true,null,null,null,null,null,30.00,null,null,2026-07-06 21:57:56.81272+00,2026-07-06 21:57:57.209+00,220.000,150.000,false,null,null,false,null,null,8240.000,true,true,false,null,null,false,false,false,false,null,true,null,8.000,1,0,1,corte_hilerado,false,false
507ce261-fcee-47e3-ab2f-1c0b5b64d740,a1000000-0000-4000-8000-000000000004,4,otono,2025,submitted,2026-07-06 22:02:18.027+00,1100.0000,242000.000,true,false,false,false,true,null,null,null,null,null,30.00,null,null,2026-07-06 22:02:17.709827+00,2026-07-06 22:02:18.027+00,320.000,220.000,false,null,null,false,null,null,11000.000,true,true,false,null,null,false,false,false,false,null,true,null,10.000,1,0,1,corte_hilerado,false,false
9ad881b3-e7c5-4410-85ef-4a63db2e3137,a1000000-0000-4000-8000-000000000004,6,primavera,2025,submitted,2026-07-06 22:10:02.261+00,1300.0000,1885000.000,true,false,false,true,true,null,null,gas,null,null,20.00,null,null,2026-07-06 22:10:01.905358+00,2026-07-06 22:10:02.261+00,1600.000,1450.000,true,2,null,false,null,null,78000.000,true,true,false,null,null,false,false,false,false,null,true,null,60.000,2,1,2,directa,true,false
ba57cdf4-07cc-416e-b777-b65fb79a6be4,a1000000-0000-4000-8000-000000000014,9,primavera,2026,submitted,2026-08-03 16:59:58.327+00,500.0000,1250000.000,true,false,false,true,true,null,null,gasoil,null,null,100.00,null,null,2026-08-03 16:59:57.952453+00,2026-08-03 16:59:58.327+00,3000.000,2500.000,true,1,null,false,null,null,5000.000,false,true,false,null,null,false,false,false,false,null,true,null,10.000,1,1,1,directa,true,false
bb09e84e-6d7e-4e11-b3fb-dbd278af431b,a1000000-0000-4000-8000-000000000004,10,otono,2025,submitted,2026-07-06 22:21:46.956+00,68.0000,4216000.000,true,false,false,false,true,null,null,null,null,null,30.00,null,null,2026-07-06 22:21:46.692589+00,2026-07-06 22:21:46.956+00,1015.000,910.000,true,1,null,false,null,null,1360.000,true,true,false,null,null,false,false,false,false,null,true,null,20.000,1,1,1,directa,false,false
2e9681cf-2c21-4efe-bcab-9e56603a8152,a1000000-0000-4000-8000-000000000004,11,primavera,2025,submitted,2026-07-06 22:25:10.261+00,110.0000,104500.000,true,false,false,true,true,null,null,gas,null,null,15.00,null,null,2026-07-06 22:25:09.957516+00,2026-07-06 22:25:10.261+00,1100.000,950.000,true,2,null,false,null,null,2750.000,false,true,false,null,null,false,false,false,false,null,true,null,25.000,1,0,1,directa,false,false
d81974c8-2a9f-430e-8037-ae882f5dbf9d,a1000000-0000-4000-8000-000000000004,12,otono,2025,submitted,2026-07-06 22:31:46.155+00,536.0000,107200.000,true,false,false,false,true,null,null,null,null,null,25.00,null,null,2026-07-06 22:31:45.863013+00,2026-07-06 22:31:46.155+00,280.000,200.000,false,null,null,false,null,null,8040.000,true,true,false,null,null,false,false,false,false,null,true,null,15.000,1,0,1,corte_hilerado,false,false
2d668268-ce24-4d81-ad68-878f34486c10,a1000000-0000-4000-8000-000000000004,13,primavera,2025,submitted,2026-07-06 22:35:37.225+00,270.0000,413100.000,true,false,false,true,true,null,null,gasoil,null,null,10.00,null,null,2026-07-06 22:35:36.923708+00,2026-07-06 22:35:37.225+00,1900.000,1530.000,true,2,null,false,null,null,6750.000,false,true,false,null,null,false,false,false,false,null,true,null,25.000,1,0,1,corte_hilerado,true,false
7b760a91-ebcb-4f6d-bae4-f7949cfc9c0e,a1000000-0000-4000-8000-000000000004,14,otono,2025,submitted,2026-07-06 22:40:20.316+00,143.0000,171600.000,true,false,false,false,true,null,null,null,null,null,25.00,null,null,2026-07-06 22:40:19.992405+00,2026-07-06 22:40:20.316+00,1426.000,1200.000,true,2,null,false,null,null,2574.000,false,true,false,null,null,false,false,false,false,null,true,null,18.000,1,1,1,corte_hilerado,false,false
5e756eda-eb4c-4af8-91f9-a5e6b306f396,a1000000-0000-4000-8000-000000000004,8,otono,2025,submitted,2026-07-06 22:12:49.685+00,25.0000,195000.000,true,false,false,false,true,null,null,null,null,null,20.00,null,null,2026-07-06 22:12:49.391965+00,2026-07-06 22:12:49.685+00,600.000,312.000,false,null,null,false,null,null,125.000,false,false,false,null,null,false,false,false,false,null,true,null,5.000,1,0,1,corte_hilerado,false,false
bce8192e-7dc3-4ec6-85aa-ec5a6b7164e2,a1000000-0000-4000-8000-000000000004,9,primavera,2025,submitted,2026-07-06 22:15:21.966+00,25.0000,550000.000,true,false,false,true,true,null,null,gas,null,null,15.00,null,null,2026-07-06 22:15:21.612996+00,2026-07-06 22:15:21.966+00,1000.000,880.000,true,2,null,false,null,null,175.000,false,true,false,null,null,false,false,false,false,null,true,null,7.000,1,0,2,directa,false,false
6d79beca-5c3e-4598-bb55-4a58a4e2ad44,a1000000-0000-4000-8000-00000000000a,5,primavera,2026,submitted,2026-07-08 23:31:29.003+00,1000.0000,2700000.000,true,false,false,true,true,null,null,gas,null,null,100.00,null,null,2026-07-08 23:31:28.565537+00,2026-07-08 23:31:29.003+00,3000.000,2700.000,false,null,null,true,null,null,35000.000,false,true,false,null,null,false,false,false,false,null,true,null,35.000,2,1,0,directa,false,false
f4c4132c-a412-48ba-8161-3b7aed44cbcf,a1000000-0000-4000-8000-00000000000c,5,otono,2026,submitted,2026-07-13 18:09:43.618+00,1596.0000,16279200.000,true,false,false,true,true,null,null,gasoil,null,null,80.00,null,null,2026-07-13 18:09:43.075826+00,2026-07-13 18:09:43.618+00,11400.000,10200.000,true,2,null,true,null,null,223440.000,false,true,false,null,null,false,false,false,false,null,true,null,140.000,1,1,0,directa,false,false
d818d9ab-be0b-427b-bff3-72b9edef94a8,a1000000-0000-4000-8000-00000000000c,7,otono,2026,submitted,2026-07-15 19:58:26.093+00,731.0000,5621390.000,true,false,false,true,true,null,null,gasoil,null,null,85.00,null,null,2026-07-15 19:58:25.529245+00,2026-07-15 19:58:26.093+00,8610.000,7690.000,true,2,null,true,null,null,109650.000,false,true,false,null,null,false,false,false,false,null,true,null,150.000,1,1,0,directa,false,false
81cf5cd2-43be-474d-baed-1d1f0e195e0c,a1000000-0000-4000-8000-000000000013,13,primavera,2026,submitted,2026-08-10 13:41:43.664+00,1.0000,1.000,false,false,false,false,false,null,null,null,null,null,null,null,null,2026-08-10 13:41:43.345369+00,2026-08-10 13:41:43.664+00,1.000,1.000,false,null,null,false,null,null,1.000,false,false,false,null,null,false,false,false,false,null,false,null,1.000,0,0,0,directa,false,false